{"type":"Design","zone":null,"children":[{"type":"Page","properties":{"id":"page1"},"children":[{"type":"Header","zone":"top","properties":{"text":"Aplicacion03","theme":"a"}},{"type":"Content","zone":"content","children":[{"type":"Text","properties":{"text":"Bienvenido","type":"h1"}},{"type":"Image","properties":{"src":"images/bugatty veyron super sport.jpg","width":300}},{"type":"Button","properties":{"text":"Continuar +","mini":true,"theme":"b","inline":true,"iconpos":"right"}}]},{"type":"Footer","zone":"bottom","properties":{"text":"Victor Manuel Montes Hernandez","theme":"a"}}]},{"type":"Page","properties":{"id":"page2"},"children":[{"type":"Header","zone":"top","properties":{"text":"Aplicacion 03"}},{"type":"Content","zone":"content","children":[{"type":"ButtonGroup","children":[{"type":"Button"},{"type":"Button"},{"type":"Button"}]}]},{"type":"Footer","zone":"bottom","properties":{"text":"Victior Manuel Montes Hernandez"}}]}],"pInfo":{"name":"Untitled","accessDate":1399921162557,"device":{"name":"Phones","screenWidth":320,"screenHeight":480,"rotating":false}}}